"placedVMs","numVMs","allocRate","cpuUtilRate","ramUtilRate","netUtilRate","diskUtilRate"
"3","3","100.0","56.27849150435142","11.638174951076508","20.827990770339966","11.955005675554276"
"2","3","66.66666865348816","59.630424781475234","6.392782926559448","2.624288573861122","6.830558925867081"
"3","3","100.0","37.64082173624917","10.652413219213486","8.906065672636032","11.014455556869507"
"3","3","100.0","44.475739341953656","5.709612742066383","11.210662871599197","10.383395105600357"
"3","3","100.0","44.3105983486031","11.154503375291824","8.618645370006561","4.908397793769836"
"1","3","33.33333432674408","15.182554105402279","1.0393624193966389","6.5613023936748505","1.003161445260048"
"3","3","100.0","35.8741554054054","11.952175199985504","17.79959499835968","11.592859029769897"
"3","3","100.0","57.67942161876213","9.302352368831635","14.487279951572418","8.990620821714401"
"3","3","100.0","66.45274212368729","14.950931072235107","13.822446763515472","11.599589884281158"
"3","3","100.0","52.48898904025402","10.60473844408989","13.14442753791809","16.125646233558655"
"3","3","100.0","46.341346843186926","7.513303309679031","14.100372791290283","12.064825743436813"
"2","3","66.66666865348816","45.49330689142291","8.13668966293335","10.837016254663467","17.84093677997589"
"3","3","100.0","41.108106132592646","10.42841151356697","9.820061922073364","16.450853645801544"
"3","3","100.0","33.5969868173258","7.705356180667877","17.75374710559845","15.294118225574493"
"3","3","100.0","42.26648908448665","9.849441796541214","9.06425416469574","10.362806916236877"
"3","3","100.0","52.607810711105465","9.352081269025803","8.405917137861252","10.410450398921967"
"2","3","66.66666865348816","57.90822653989252","3.0876854434609413","7.173912972211838","19.794882833957672"
"1","3","33.33333432674408","12.801867911941295","1.586359180510044","0.5852921865880489","3.2382573932409286"
"3","3","100.0","68.07033780657103","8.379226177930832","14.982469379901886","15.42372852563858"
"3","3","100.0","25.97665133673624","4.548470303416252","11.69125959277153","8.491476625204086"
"1","3","33.33333432674408","37.6999238385377","0.27880407869815826","1.8601823598146439","5.276327952742577"
"2","3","66.66666865348816","53.85118204597451","6.744331121444702","15.20119160413742","5.632924661040306"
"3","3","100.0","42.31567805235517","6.65370300412178","4.832594469189644","7.6552994549274445"
"3","3","100.0","53.39493091463932","12.70841509103775","11.169978231191635","9.081419557332993"
"3","3","100.0","56.49768128161888","15.817146003246307","11.802618205547333","11.547807604074478"
"3","3","100.0","57.830371282773186","12.799596786499023","20.601734519004822","8.138567954301834"
"3","3","100.0","49.01493958692935","20.859210193157196","11.604902893304825","9.910696744918823"
"2","3","66.66666865348816","15.974919283140704","3.4466534852981567","8.259133994579315","4.489446058869362"
"3","3","100.0","65.04631986154943","8.304677158594131","7.967695593833923","16.233225166797638"
"2","3","66.66666865348816","57.95661002458053","4.834074154496193","7.058119028806686","10.233710706233978"
"3","3","100.0","57.04905115240659","9.633909910917282","18.2530015707016","9.964052587747574"
"2","3","66.66666865348816","45.15442572036579","12.823167443275452","3.3559393137693405","4.999581351876259"
"2","3","66.66666865348816","46.59130637454842","9.11264419555664","6.397087872028351","7.138001173734665"
"3","3","100.0","75.76319449043109","5.128063261508942","11.997892707586288","7.335507124662399"
"3","3","100.0","47.5732104121475","4.312653094530106","14.041803777217865","10.187449306249619"
"3","3","100.0","49.84240687679083","14.626418054103851","10.024631768465042","9.382292628288269"
"3","3","100.0","46.37461239031471","12.794743478298187","11.416097730398178","9.95478630065918"
"3","3","100.0","36.07265069755199","10.479967296123505","11.338067799806595","6.3223108649253845"
"3","3","100.0","85.37356700487547","19.59952414035797","5.645667761564255","9.53996255993843"
"2","3","66.66666865348816","42.53474152306837","7.092008739709854","7.245782762765884","3.288572281599045"
"3","3","100.0","65.4494382022472","8.338157087564468","9.054430574178696","9.483278542757034"
"3","3","100.0","28.914559721011337","12.336250394582748","10.722062736749649","5.339464172720909"
"3","3","100.0","55.175688509021846","6.475624442100525","7.422548532485962","5.914602428674698"
"0","3","0.0","0.0","0.0","0.0","0.0"
"2","3","66.66666865348816","64.89860901625607","12.941566109657288","7.999751716852188","5.993596464395523"
"3","3","100.0","50.19241982507289","11.641300469636917","12.07517459988594","8.529074490070343"
"3","3","100.0","57.43450767841012","12.765789031982422","6.8443745374679565","9.46006253361702"
"3","3","100.0","47.12514598868026","4.234133288264275","16.198863089084625","11.522241681814194"
"2","3","66.66666865348816","69.3314955203308","7.450151443481445","6.520787626504898","11.684800684452057"
"3","3","100.0","41.47746526601152","10.254235565662384","12.481385469436646","4.797697067260742"
"3","3","100.0","36.13161451294313","24.371936917304993","14.283561706542969","13.343147933483124"
"3","3","100.0","38.61440291704649","4.174234718084335","10.025310516357422","11.479080468416214"
"3","3","100.0","69.70659215038741","8.833456039428711","9.755182266235352","11.465982347726822"
"2","3","66.66666865348816","60.937763535166134","19.031767547130585","6.398725509643555","6.6063739359378815"
"3","3","100.0","78.8886614817847","10.545984655618668","8.430001139640808","12.613195180892944"
"3","3","100.0","43.425653294074344","22.21670299768448","9.129967540502548","11.035564541816711"
"3","3","100.0","32.20650021731781","19.23297494649887","18.78538876771927","8.356130123138428"
"3","3","100.0","70.07408226448474","8.106935024261475","6.908971816301346","11.559034883975983"
"3","3","100.0","51.45470134324093","13.190759718418121","7.388733327388763","7.106317579746246"
"3","3","100.0","26.32261869654969","13.559277355670929","30.16853928565979","15.845893323421478"
"3","3","100.0","28.52247265058653","18.60109567642212","8.403529971837997","8.332347869873047"
"3","3","100.0","47.73260359655981","10.253021866083145","9.633471816778183","15.273292362689972"
"2","3","66.66666865348816","44.660719113273856","8.41759443283081","12.03310564160347","8.68576169013977"
"2","3","66.66666865348816","58.88547608600263","8.294129371643066","8.54867398738861","7.935094088315964"
"3","3","100.0","53.967500263796566","13.75603973865509","7.261747866868973","7.018470019102097"
"3","3","100.0","39.27889090285602","6.374020874500275","8.128169924020767","8.120319247245789"
"3","3","100.0","60.47478540772532","11.170662194490433","5.855369567871094","6.340483576059341"
"3","3","100.0","60.559970201142285","9.433680027723312","14.621007442474365","6.773398816585541"
"3","3","100.0","38.5560486522025","5.525978282094002","7.428733259439468","7.5259871780872345"
"3","3","100.0","30.84843740591317","9.706766903400421","7.9137928783893585","11.359124630689621"
"2","3","66.66666865348816","25.142183381883754","3.638118878006935","10.23225411772728","4.727402329444885"
"3","3","100.0","58.608108108108105","11.792553961277008","6.516411155462265","5.655412375926971"
"3","3","100.0","50.02525677723523","11.038731038570404","17.592962086200714","9.17125716805458"
"3","3","100.0","64.0794659374246","7.4013277888298035","4.720130190253258","9.03744250535965"
"3","3","100.0","60.405003801230215","5.712884292006493","6.789659708738327","10.15443429350853"
"3","3","100.0","56.332957404354985","27.91898250579834","12.395097315311432","5.450278893113136"
"3","3","100.0","35.27771098821832","9.170404821634293","14.04104083776474","11.981475353240967"
"3","3","100.0","16.5960332259705","11.481847614049911","11.124679446220398","18.393953144550323"
"3","3","100.0","18.660243175040147","11.028840392827988","11.116643995046616","9.010683000087738"
"2","3","66.66666865348816","54.761708102750475","11.532871425151825","6.584311276674271","8.237268030643463"
"2","3","66.66666865348816","27.450299505165376","3.3679798245429993","6.659909337759018","11.5550197660923"
"3","3","100.0","39.75851473579435","13.291682302951813","17.849010229110718","10.791556537151337"
"2","3","66.66666865348816","44.533776107664075","14.11607712507248","5.339307337999344","2.7980534359812737"
"3","3","100.0","52.01326699834162","6.307913362979889","9.323136508464813","14.46516215801239"
"3","3","100.0","37.50508395793388","21.65227383375168","14.289912581443787","12.529775500297546"
"3","3","100.0","42.96958192508912","10.836640000343323","7.065432518720627","7.072829455137253"
"3","3","100.0","43.133557800224466","5.9913091361522675","10.93222200870514","6.452437490224838"
"3","3","100.0","38.409126921248614","16.19270294904709","11.132746934890747","7.3968306183815"
"3","3","100.0","74.83417085427135","16.295020282268524","8.101283013820648","8.230172842741013"
"3","3","100.0","32.60039227831114","8.373043686151505","9.025748819112778","11.859554052352905"
"3","3","100.0","41.592592592592595","10.468869656324387","5.253989994525909","7.507032155990601"
"2","3","66.66666865348816","41.28395747933023","8.490748703479767","4.602150619029999","16.07508957386017"
"3","3","100.0","58.11480110526042","12.519758939743042","6.451021134853363","11.98505163192749"
"3","3","100.0","58.45257297466049","14.418883621692657","4.810049012303352","21.457335352897644"
"3","3","100.0","41.270868383590006","13.925093412399292","4.689118266105652","12.870191037654877"
"3","3","100.0","35.67485964995046","13.787725567817688","28.333699703216553","11.030126363039017"
"3","3","100.0","58.66862252025705","14.870072901248932","11.604631692171097","8.70606005191803"
"3","3","100.0","41.46302844777537","12.4991774559021","19.38644051551819","12.647701799869537"
"3","3","100.0","26.041815838464842","10.382241010665894","12.821684777736664","15.662853419780731"
"3","3","100.0","36.56684338730477","6.306431442499161","9.806884080171585","8.752790838479996"
"3","6","50.0","55.05840241145441","8.5917167365551","8.151986449956894","6.928849965333939"
"6","6","100.0","47.92330725393606","12.69066035747528","18.13843846321106","17.761437594890594"
"5","6","83.33333134651184","74.01837471289511","62.054240703582764","28.146475553512573","21.270737051963806"
"4","6","66.66666865348816","80.9362972272406","10.018212348222733","18.31829398870468","10.998166352510452"
"3","6","50.0","46.353311439518336","14.899186789989471","2.8740203008055687","8.929561823606491"
"5","6","83.33333134651184","69.42514904556145","14.120295643806458","12.884734570980072","11.729583889245987"
"1","6","16.66666716337204","41.34171369933299","5.894282087683678","3.3195972442626953","1.0804512538015842"
"5","6","83.33333134651184","76.34247089748403","11.71671599149704","19.120147824287415","18.10096949338913"
"2","6","33.33333432674408","74.01186596473636","13.293236494064331","6.129854544997215","3.6976922303438187"
"6","6","100.0","68.97740837349131","22.30045795440674","30.278116464614868","20.291689038276672"
"5","6","83.33333134651184","65.72528156658555","34.26070511341095","18.366585671901703","20.35040408372879"
"3","6","50.0","82.15505037888249","14.613744616508484","11.61751002073288","18.45335215330124"
"5","6","83.33333134651184","80.86073242448542","13.684459030628204","10.675432533025742","16.545306146144867"
"4","6","66.66666865348816","57.508591065292094","13.777075707912445","13.193243741989136","16.726654767990112"
"5","6","83.33333134651184","55.34430692016503","10.035046935081482","17.78230518102646","34.49568450450897"
"5","6","83.33333134651184","60.85203601666442","25.05667805671692","15.160124003887177","12.474596500396729"
"6","6","100.0","68.65371428571429","24.922583997249603","40.35983383655548","13.32525759935379"
"3","6","50.0","61.83358246138515","17.50873774290085","11.679071933031082","16.642579436302185"
"4","6","66.66666865348816","63.56713050018804","16.759878396987915","18.759869039058685","11.74265593290329"
"3","6","50.0","67.36342522467939","12.241628766059875","10.342156141996384","12.853677570819855"
"5","6","83.33333134651184","73.06041784302654","16.018380224704742","28.308340907096863","16.626466810703278"
"6","6","100.0","58.2919138474694","38.60394358634949","19.89654302597046","43.509289622306824"
"6","6","100.0","75.0454050127134","33.54735970497131","16.51347726583481","26.39210820198059"
"3","6","50.0","62.84623836234314","13.24533224105835","9.106435626745224","9.213585406541824"
"5","6","83.33333134651184","67.07591887481544","17.560628056526184","18.374022841453552","27.493345737457275"
"6","6","100.0","86.2231470714242","17.694994807243347","16.79019331932068","21.01515084505081"
"3","6","50.0","69.33288522937322","8.31250324845314","5.171715095639229","14.2733633518219"
"3","6","50.0","67.53727160632216","10.4995496571064","16.626231372356415","9.743894636631012"
"5","6","83.33333134651184","72.0003943606428","20.003409683704376","18.72778683900833","11.400709301233292"
"4","6","66.66666865348816","74.89364364364364","33.45172703266144","6.626027822494507","12.813138961791992"
"5","6","83.33333134651184","74.58677685950413","15.177272260189056","24.87955093383789","15.648114681243896"
"4","6","66.66666865348816","70.14769230769231","28.114843368530273","13.955572247505188","12.20887079834938"
"6","6","100.0","66.8693178649116","15.085119009017944","17.19461679458618","12.880241870880127"
"5","6","83.33333134651184","61.74458380843786","15.508662164211273","18.781381845474243","19.023992121219635"
"4","6","66.66666865348816","66.94528028530034","16.55932068824768","42.94412136077881","19.762197136878967"
"5","6","83.33333134651184","76.10655264070265","21.379148960113525","12.74232566356659","32.546016573905945"
"3","6","50.0","58.793337207050165","8.301009237766266","10.917887091636658","6.91322535276413"
"3","6","50.0","72.38216856280474","12.008309364318848","4.724697768688202","9.737849980592728"
"3","6","50.0","48.74095513748191","18.3413565158844","8.890218287706375","7.362067699432373"
"4","6","66.66666865348816","76.90733464309103","14.732785522937775","11.295837163925171","8.254232257604599"
"4","6","66.66666865348816","55.19491973893103","10.305969417095184","14.804771542549133","11.478278785943985"
"5","6","83.33333134651184","69.77877004262228","5.343026295304298","26.36744976043701","16.834335029125214"
"6","6","100.0","44.40866510538642","28.93292009830475","13.10717910528183","12.525458633899689"
"5","6","83.33333134651184","68.31388519069623","28.097212314605713","12.627239525318146","17.461061477661133"
"6","6","100.0","66.4193614408514","41.61445200443268","14.752954244613647","15.575483441352844"
"5","6","83.33333134651184","79.85980633039456","14.374345541000366","18.290919065475464","14.672312140464783"
"5","6","83.33333134651184","77.12896874230863","13.323305547237396","16.798579692840576","24.285157024860382"
"4","6","66.66666865348816","59.91130820399113","9.32590439915657","14.383694529533386","26.024436950683594"
"4","6","66.66666865348816","72.26794258373207","35.067641735076904","7.993738353252411","17.634622752666473"
"4","6","66.66666865348816","69.8748655782579","21.23951017856598","51.573604345321655","9.409509599208832"
"6","6","100.0","70.87239711832626","36.80369257926941","27.450981736183167","15.320098400115967"
"6","6","100.0","85.99123559112127","22.580836713314056","24.24621433019638","16.2131130695343"
"4","6","66.66666865348816","55.8486753480018","28.18877100944519","11.135604977607727","9.617742151021957"
"5","6","83.33333134651184","85.27918781725889","17.67890751361847","30.729568004608154","21.375757455825806"
"5","6","83.33333134651184","61.0088548403144","24.45530593395233","25.81307291984558","15.81287682056427"
"4","6","66.66666865348816","62.67116182572614","18.148207664489746","11.845539510250092","25.456705689430237"
"6","6","100.0","57.27114084199811","17.54516512155533","25.949466228485107","18.945957720279694"
"2","6","33.33333432674408","56.40480493249708","8.948314189910889","5.231273919343948","5.002625286579132"
"3","6","50.0","49.34488588334742","3.829694166779518","4.263339936733246","6.3645243644714355"
"5","6","83.33333134651184","82.99090602896598","20.096497237682343","15.63103199005127","25.214770436286926"
"6","6","100.0","78.69469539031735","24.38780665397644","15.571300685405731","20.38666605949402"
"5","6","83.33333134651184","60.47032474804032","17.945779860019684","21.98028713464737","14.1288161277771"
"4","6","66.66666865348816","69.06600416302962","23.08358997106552","17.821431159973145","8.268970996141434"
"4","6","66.66666865348816","57.74553571428571","21.095280349254608","13.285362720489502","13.113318383693695"
"5","6","83.33333134651184","70.05143174867946","18.342986702919006","16.87391549348831","14.06453549861908"
"4","6","66.66666865348816","70.37702924223996","12.20719888806343","6.9661833345890045","15.293367207050323"
"6","6","100.0","77.5689338235294","19.309861958026886","15.478327870368958","11.93380132317543"
"4","6","66.66666865348816","73.57975427911373","15.36020040512085","16.995447874069214","15.14975130558014"
"4","6","66.66666865348816","78.39867932315312","6.5215714275836945","10.184434801340103","13.677811622619629"
"5","6","83.33333134651184","84.6286288201253","19.62638348340988","23.115238547325134","18.695180118083954"
"6","6","100.0","74.06586096019514","15.787650644779205","17.895688116550446","20.753248035907745"
"3","6","50.0","71.45541670581603","6.157765164971352","4.255418851971626","6.089140102267265"
"4","6","66.66666865348816","55.457258580260074","16.349661350250244","27.583453059196472","13.347496092319489"
"6","6","100.0","45.91279606274992","12.970228493213654","17.153562605381012","12.452927231788635"
"3","6","50.0","55.593776874364785","15.994778275489807","19.043101370334625","9.966777265071869"
"3","6","50.0","75.26148249204184","13.654528558254242","3.8076251745224","10.064011067152023"
"5","6","83.33333134651184","72.65993707393812","22.741512954235077","19.003309309482574","20.621196925640106"
"4","6","66.66666865348816","63.45643637907248","23.975396156311035","19.35693472623825","14.646585285663605"
"3","6","50.0","53.27777777777778","6.050730869174004","15.777555108070374","6.772942841053009"
"3","6","50.0","86.4332000551496","7.943551242351532","6.6038623452186584","7.2280533611774445"
"6","6","100.0","74.0560033941451","22.765053808689117","26.345527172088623","13.487601280212402"
"6","6","100.0","90.30255505456446","26.467767357826233","13.194739818572998","20.398782193660736"
"6","6","100.0","85.52682362022385","32.381853461265564","12.738430500030518","22.650714218616486"
"6","6","100.0","80.91992325557912","16.061989963054657","17.276903986930847","22.82850742340088"
"4","6","66.66666865348816","54.103448275862064","13.28343152999878","9.565714746713638","15.637537837028503"
"6","6","100.0","34.699503101084474","20.266398787498474","24.802128970623016","14.112502336502075"
"3","6","50.0","63.59500532378279","14.208099246025085","9.898945689201355","9.71955731511116"
"3","6","50.0","67.46390864037923","16.684232652187347","20.6312894821167","9.375695884227753"
"4","6","66.66666865348816","36.83745062201521","7.063978910446167","15.055833756923676","21.818718314170837"
"6","6","100.0","64.06570841889116","22.324693202972412","32.778337597846985","19.096942245960236"
"5","6","83.33333134651184","69.75554292211483","18.973112106323242","22.050289809703827","14.849784970283508"
"6","6","100.0","35.354320507837805","12.871403992176056","21.09261304140091","32.965973019599915"
"3","6","50.0","65.76387675461588","23.662905395030975","8.379103243350983","16.683030128479004"
"4","6","66.66666865348816","60.965635985364806","18.83927285671234","17.10127294063568","6.677360087633133"
"6","6","100.0","64.26119901938935","23.75786006450653","15.778928995132446","17.730867862701416"
"1","6","16.66666716337204","36.50382432765852","3.5547468811273575","6.192143261432648","5.664340034127235"
"5","6","83.33333134651184","66.52111401033068","19.73399966955185","11.479050666093826","13.632556796073914"
"4","6","66.66666865348816","67.43705941591138","16.7721688747406","13.901403546333313","12.674868106842041"
"5","6","83.33333134651184","81.33125578224669","8.58023688197136","23.861156404018402","15.853120386600494"
"5","6","83.33333134651184","58.17417876241405","18.37581694126129","23.116862773895264","16.15431010723114"
"7","9","77.77777910232544","69.90275869358419","33.75868201255798","18.814969062805176","14.834113419055939"
"8","9","88.88888955116272","87.96291275822806","31.08091950416565","24.349772930145264","24.45566952228546"
"6","9","66.66666865348816","44.2251578333068","36.46068871021271","33.84321331977844","14.263884723186493"
"6","9","66.66666865348816","68.39430894308943","33.13959836959839","27.821066975593567","35.18539369106293"
"2","9","22.22222238779068","45.63873626373626","4.156114533543587","9.65607538819313","12.021931260824203"
"6","9","66.66666865348816","82.12786059206383","43.227943778038025","11.739598959684372","14.989571273326874"
"6","9","66.66666865348816","62.113845096016895","18.98200511932373","25.04630982875824","11.340311169624329"
"4","9","44.44444477558136","69.03279754715228","6.5315186977386475","10.173594206571579","10.495086014270782"
"5","9","55.55555820465088","51.27512895916695","11.627959460020065","14.475952088832855","14.004062116146088"
"7","9","77.77777910232544","91.35623620309052","31.151363253593445","23.91207665205002","22.182680666446686"
"9","9","100.0","72.80419778765246","31.148850917816162","31.48728609085083","17.770999670028687"
"4","9","44.44444477558136","90.74911316686374","14.168508350849152","17.862209677696228","9.241719543933868"
"5","9","55.55555820465088","87.91721777017038","13.792422413825989","19.360534846782684","12.63948380947113"
"7","9","77.77777910232544","81.21740037554768","28.037172555923462","18.433144688606262","22.973400354385376"
"8","9","88.88888955116272","71.09872611464968","39.50285315513611","26.809445023536682","33.774951100349426"
"6","9","66.66666865348816","81.13526429279095","20.398053526878357","34.00774300098419","20.674683153629303"
"4","9","44.44444477558136","81.97656647987773","14.048166573047638","18.323446810245514","11.207402497529984"
"3","9","33.33333432674408","66.8753206772704","8.406936377286911","10.071830451488495","6.83533102273941"
"7","9","77.77777910232544","91.93211020139843","35.38355827331543","33.74888598918915","30.459508299827576"
"7","9","77.77777910232544","92.97846814421924","15.3254434466362","30.272403359413147","21.06504738330841"
"6","9","66.66666865348816","78.41458669186724","21.609336137771606","12.37494871020317","14.989358186721802"
"4","9","44.44444477558136","84.17496119075884","11.92106157541275","16.82775467634201","25.674569606781006"
"4","9","44.44444477558136","59.096355818707266","20.114697515964508","8.867331594228745","10.979796200990677"
"7","9","77.77777910232544","87.60238708167563","24.166439473628998","28.275001049041748","15.28414785861969"
"7","9","77.77777910232544","66.1240713575924","47.25066125392914","28.5812109708786","22.912847995758057"
"6","9","66.66666865348816","82.50697242020453","13.975226879119873","17.533603310585022","24.76307302713394"
"3","9","33.33333432674408","44.468602123033634","15.388257801532745","10.941263288259506","5.941520631313324"
"7","9","77.77777910232544","90.8563229635427","28.823623061180115","22.44957834482193","16.956667602062225"
"5","9","55.55555820465088","89.35226992857729","26.60934329032898","14.3560990691185","21.656210720539093"
"5","9","55.55555820465088","83.50515463917526","18.900015950202942","18.900905549526215","15.673574805259705"
"6","9","66.66666865348816","81.18590522478736","14.743921160697937","17.704153060913086","37.37350106239319"
"3","9","33.33333432674408","88.51195065535852","9.323625266551971","24.537591636180878","11.008119583129883"
"6","9","66.66666865348816","77.93860743698528","27.34975814819336","16.819411516189575","25.998780131340027"
"7","9","77.77777910232544","85.18316268486917","22.74334281682968","28.0154287815094","13.342782855033875"
"9","9","100.0","87.5618811881188","18.489329516887665","19.19708400964737","19.785597920417786"
"4","9","44.44444477558136","73.26088975573512","35.842958092689514","14.373902976512909","7.776349782943726"
"7","9","77.77777910232544","75.29137529137529","19.96852457523346","24.427062273025513","25.809630751609802"
"7","9","77.77777910232544","88.71849920768798","31.755000352859497","21.858030557632446","23.96538555622101"
"8","9","88.88888955116272","82.23700418822371","38.63441050052643","17.078405618667603","13.894836604595184"
"5","9","55.55555820465088","83.46228239845261","26.329952478408813","18.143992125988007","26.647421717643738"
"5","9","55.55555820465088","70.72148139521342","51.069796085357666","15.184009075164795","17.31131225824356"
"6","9","66.66666865348816","67.25741744919102","28.59482765197754","12.33922615647316","34.328219294548035"
"6","9","66.66666865348816","60.55057784703285","14.419946074485779","16.210800409317017","61.47761940956116"
"3","9","33.33333432674408","65.64764913584835","14.732266962528229","7.714653015136719","13.272789120674133"
"4","9","44.44444477558136","65.44683107928931","12.140854448080063","12.800942361354828","25.936725735664368"
"6","9","66.66666865348816","67.20430107526882","22.59177416563034","19.37182992696762","9.381682425737381"
"4","9","44.44444477558136","90.80648953679756","14.406222105026245","12.889373302459717","15.671882033348083"
"4","9","44.44444477558136","79.86732259988074","16.22450202703476","15.970636904239655","18.63512098789215"
"5","9","55.55555820465088","76.39524245196706","27.203702926635742","13.272491097450256","14.72671627998352"
"5","9","55.55555820465088","81.71897917277794","18.618015944957733","13.288095593452454","9.213314950466156"
"4","9","44.44444477558136","68.15597075548334","18.290019035339355","14.025206863880157","12.955492734909058"
"4","9","44.44444477558136","56.60740028832292","18.220312893390656","7.622908800840378","22.36607074737549"
"4","9","44.44444477558136","63.45798379070098","29.428887367248535","8.736790716648102","10.88486760854721"
"4","9","44.44444477558136","69.34007177909616","14.497770369052887","14.614655077457428","32.53563642501831"
"4","9","44.44444477558136","81.2939841089671","9.22577977180481","25.991791486740112","12.57351040840149"
"7","9","77.77777910232544","69.9452941833203","21.12279087305069","34.00508165359497","56.99886679649353"
"5","9","55.55555820465088","77.72131798332673","17.290721833705902","12.414607405662537","20.253033936023712"
"6","9","66.66666865348816","68.31223395433689","38.02761137485504","23.850110173225403","13.690614700317383"
"6","9","66.66666865348816","66.25754321366473","31.683626770973206","21.17253541946411","26.586034893989563"
"6","9","66.66666865348816","88.97739409042363","20.237894356250763","14.688864350318909","19.66805011034012"
"6","9","66.66666865348816","86.43213385531185","16.20803475379944","13.44091147184372","36.71622574329376"
"7","9","77.77777910232544","60.40375646840861","22.7606400847435","18.161727488040924","33.31656754016876"
"5","9","55.55555820465088","76.66880429079461","13.320556282997131","30.457159876823425","34.891700744628906"
"7","9","77.77777910232544","69.45498288146572","29.445895552635193","25.877872109413147","18.94691437482834"
"7","9","77.77777910232544","81.01602696788692","43.02257597446442","21.599891781806946","36.714911460876465"
"6","9","66.66666865348816","86.16885035957048","15.58741182088852","10.103658586740494","37.36381232738495"
"6","9","66.66666865348816","84.68621432769542","31.872543692588806","16.046583652496338","19.823922216892242"
"8","9","88.88888955116272","82.95132522087015","28.315025568008423","31.954917311668396","26.567721366882324"
"6","9","66.66666865348816","78.24667966094012","17.95245260000229","14.185327291488647","31.80879056453705"
"4","9","44.44444477558136","84.26884207962986","11.8065245449543","15.330661833286285","21.986116468906403"
"7","9","77.77777910232544","80.76511639753451","15.330752730369568","22.69061654806137","19.040565192699432"
"6","9","66.66666865348816","73.31713865626797","15.538136661052704","28.386777639389038","16.003520786762238"
"3","9","33.33333432674408","81.02537455616178","11.318164318799973","10.817374289035797","14.4069105386734"
"3","9","33.33333432674408","53.909417352021315","7.718290388584137","9.932301193475723","18.027114868164062"
"6","9","66.66666865348816","71.94417091236032","24.017158150672913","31.944328546524048","32.38787651062012"
"5","9","55.55555820465088","72.20101124754927","19.448143243789673","23.345403373241425","15.641523897647858"
"6","9","66.66666865348816","80.00098154691794","20.10716050863266","13.397863507270813","20.846091210842133"
"3","9","33.33333432674408","59.88746922986754","15.19564837217331","7.000946253538132","8.240203559398651"
"5","9","55.55555820465088","65.85480978004342","23.693041503429413","10.164979100227356","17.309902608394623"
"5","9","55.55555820465088","74.91261623689243","19.283561408519745","13.528254628181458","14.38954472541809"
"7","9","77.77777910232544","86.6032800080491","45.82068622112274","15.258783102035522","27.223512530326843"
"5","9","55.55555820465088","74.20944940476191","32.84930884838104","12.264106422662735","12.049558758735657"
"4","9","44.44444477558136","85.98190754327231","8.43588039278984","18.03971230983734","14.540748298168182"
"5","9","55.55555820465088","66.1807580174927","23.327378928661346","30.612245202064514","14.134275913238525"
"7","9","77.77777910232544","86.89219449776073","22.517716884613037","30.151444673538208","20.93733698129654"
"6","9","66.66666865348816","63.63896146309601","33.18380415439606","16.330109536647797","22.40155339241028"
"6","9","66.66666865348816","92.75341377068132","34.97798144817352","19.293445348739624","16.374745965003967"
"2","9","22.22222238779068","62.381548364026465","7.662906497716904","10.46089082956314","6.139213219285011"
"7","9","77.77777910232544","75.11020320395656","34.91623401641846","35.67911684513092","21.438467502593994"
"6","9","66.66666865348816","55.931344607004874","30.470219254493713","39.67161476612091","17.55465865135193"
"4","9","44.44444477558136","74.76840565577767","15.662309527397156","8.049995452165604","17.258325219154358"
"8","9","88.88888955116272","85.54729974628489","19.623573124408722","26.490840315818787","33.120402693748474"
"5","9","55.55555820465088","74.02583127232757","20.54208666086197","53.39382290840149","5.899479612708092"
"7","9","77.77777910232544","72.32828282828282","16.92831516265869","25.210142135620117","21.51898741722107"
"8","9","88.88888955116272","79.65094860932031","56.20848536491394","12.831296026706696","15.367071330547333"
"5","9","55.55555820465088","47.29116286962793","22.14992493391037","12.534025311470032","36.87506020069122"
"6","9","66.66666865348816","81.54206852453775","30.70494830608368","44.92843747138977","14.265166223049164"
"4","9","44.44444477558136","73.69198117560211","19.25598382949829","11.416088789701462","14.239923655986786"
"5","9","55.55555820465088","66.70859538784067","19.3021222949028","25.136038661003113","22.86427915096283"
"7","9","77.77777910232544","72.2625046085781","36.75963282585144","25.556373596191406","22.363784909248352"
"7","12","58.33333134651184","88.43596222901982","33.45239758491516","18.25256645679474","18.86870414018631"
"8","12","66.66666865348816","85.17561983471074","38.21842074394226","47.301673889160156","42.23036170005798"
"5","12","41.66666567325592","77.77406696167655","14.548581838607788","15.787000954151154","18.56015771627426"
"6","12","50.0","90.29639418538795","28.359490633010864","15.080592036247253","11.31422072649002"
"8","12","66.66666865348816","59.933995992613845","78.66113781929016","26.889154314994812","27.556675672531128"
"5","12","41.66666567325592","80.11064513250646","13.578367233276367","12.668897211551666","12.073766440153122"
"6","12","50.0","73.61154300640587","14.364409446716309","21.859610080718994","22.817988693714142"
"6","12","50.0","85.58746360924415","19.510649144649506","11.843705922365189","90.3428316116333"
"8","12","66.66666865348816","90.54189037333","17.435836791992188","36.23131513595581","39.91977572441101"
"6","12","50.0","80.29793368572801","23.246672749519348","16.02613776922226","18.143625557422638"
"8","12","66.66666865348816","90.33195898086478","27.695226669311523","27.812498807907104","37.33619451522827"
"6","12","50.0","81.34352321623531","34.20753479003906","24.070513248443604","30.972373485565186"
"7","12","58.33333134651184","74.28262578616352","30.800452828407288","13.617043197154999","20.375722646713257"
"6","12","50.0","72.59424920127796","31.4971923828125","22.538888454437256","41.38288199901581"
"7","12","58.33333134651184","93.46187415694675","18.09806227684021","27.557072043418884","20.765945315361023"
"5","12","41.66666567325592","93.14309605937076","14.907826483249664","10.455477982759476","25.253912806510925"
"8","12","66.66666865348816","82.79381619405535","33.639201521873474","24.102647602558136","21.751557290554047"
"6","12","50.0","63.051816199142664","31.761983036994934","29.082483053207397","23.59086275100708"
"7","12","58.33333134651184","90.70042299079373","29.03180420398712","22.2103551030159","25.749289989471436"
"3","12","25.0","50.51852926245558","14.440864324569702","8.524162322282791","17.403864860534668"
"8","12","66.66666865348816","85.43676312968917","35.194697976112366","30.68491220474243","24.205748736858368"
"4","12","33.33333432674408","80.40473136668092","12.66946792602539","10.848508030176163","11.833766847848892"
"6","12","50.0","61.08236935418241","25.99683701992035","23.526015877723694","25.793328881263733"
"7","12","58.33333134651184","70.73835040558943","26.926234364509583","28.950989246368408","32.31982886791229"
"6","12","50.0","84.71337579617835","30.356276035308838","32.09100365638733","23.97853136062622"
"7","12","58.33333134651184","87.64268889291539","33.76542329788208","25.92996060848236","16.210703551769257"
"8","12","66.66666865348816","93.34348920386806","26.96891725063324","38.10669481754303","19.620120525360107"
"3","12","25.0","68.04","21.244382858276367","7.249228656291962","16.43458604812622"
"5","12","41.66666567325592","85.16446252967107","32.76146948337555","17.970193922519684","11.023253202438354"
"8","12","66.66666865348816","82.24901850813237","34.01903808116913","21.074223518371582","16.40533357858658"
"5","12","41.66666567325592","74.99647141848976","14.024025201797485","20.59333622455597","18.04095208644867"
"4","12","33.33333432674408","84.25173365148014","14.959658682346344","12.455495446920395","38.591012358665466"
"7","12","58.33333134651184","93.5423863938347","10.777699947357178","27.002370357513428","23.868702352046967"
"7","12","58.33333134651184","89.33032216435451","34.16595458984375","21.584968268871307","49.72689747810364"
"5","12","41.66666567325592","81.31308276458714","26.91841423511505","14.099495112895966","12.51722127199173"
"5","12","41.66666567325592","93.45045461550316","20.483028888702393","20.735907554626465","14.28263634443283"
"4","12","33.33333432674408","83.18956143530265","8.371985703706741","16.157881915569305","13.427479565143585"
"6","12","50.0","83.13076458925954","30.389055609703064","28.976646065711975","19.90034431219101"
"3","12","25.0","74.54475382984873","10.200672596693039","10.492438077926636","5.66440261900425"
"7","12","58.33333134651184","76.96656833824976","41.734516620635986","22.15847671031952","29.796794056892395"
"8","12","66.66666865348816","85.74021366992534","20.910294353961945","27.469632029533386","37.165567278862"
"7","12","58.33333134651184","87.48395736845043","26.670321822166443","25.673535466194153","25.069788098335266"
"5","12","41.66666567325592","82.08137210651878","11.401475220918655","19.182264804840088","11.721953749656677"
"4","12","33.33333432674408","94.67991346847208","19.025973975658417","10.742174088954926","11.00381463766098"
"4","12","33.33333432674408","78.1101376720901","9.257247298955917","13.957813382148743","14.03874009847641"
"5","12","41.66666567325592","93.67916000278144","19.485579431056976","11.930520832538605","12.574352324008942"
"5","12","41.66666567325592","79.8638549055077","19.836251437664032","17.279857397079468","17.491422593593597"
"7","12","58.33333134651184","80.49955623177381","16.105148196220398","22.530597448349","20.360693335533142"
"4","12","33.33333432674408","85.90172154437573","17.072051763534546","15.973685681819916","8.473721891641617"
"6","12","50.0","91.9034256985853","10.627073049545288","19.64600533246994","24.83239322900772"
"5","12","41.66666567325592","89.01242236024845","10.906609147787094","16.658060252666473","11.800013482570648"
"6","12","50.0","68.64955624850084","27.3920476436615","21.19639813899994","23.753465712070465"
"4","12","33.33333432674408","75.55746961431716","12.764495611190796","22.2834974527359","17.516659200191498"
"9","12","75.0","86.71293317400497","38.37162256240845","43.206965923309326","24.332670867443085"
"6","12","50.0","93.46108490566037","42.495906352996826","23.722083866596222","31.045228242874146"
"5","12","41.66666567325592","49.400342661336374","15.78991413116455","40.635091066360474","20.692960917949677"
"5","12","41.66666567325592","75.51964923676519","22.793668508529663","21.733683347702026","10.487522184848785"
"6","12","50.0","86.4046764671837","17.903444170951843","13.329631090164185","10.528364032506943"
"7","12","58.33333134651184","84.64210208396254","36.464327573776245","16.151288151741028","42.25966930389404"
"6","12","50.0","73.90611416980586","11.343472450971603","16.987578570842743","13.350479304790497"
"5","12","41.66666567325592","80.15254960529123","18.758295476436615","9.785009175539017","11.068356782197952"
"4","12","33.33333432674408","78.95278381159254","14.106501638889313","6.6388726234436035","12.496871501207352"
"7","12","58.33333134651184","85.88251986379115","28.450000286102295","32.355764508247375","19.819192588329315"
"4","12","33.33333432674408","75.43316121629374","9.798035770654678","12.299948930740356","13.315680623054504"
"5","12","41.66666567325592","90.34911465528067","29.635155200958252","19.340553879737854","12.525369226932526"
"5","12","41.66666567325592","70.11152833043771","15.099403262138367","41.16499125957489","35.31976640224457"
"6","12","50.0","68.94467358839425","23.2164666056633","14.749734103679657","13.821868598461151"
"6","12","50.0","85.65439398011287","13.237684965133667","18.225768208503723","16.688477993011475"
"5","12","41.66666567325592","81.57781201848998","14.329320192337036","17.23165214061737","10.44631153345108"
"4","12","33.33333432674408","73.87679887679887","10.742181539535522","15.501657128334045","17.397238314151764"
"5","12","41.66666567325592","81.64149541965833","34.648844599723816","12.904101610183716","15.260814130306244"
"8","12","66.66666865348816","72.62441068622316","31.3905268907547","36.64324879646301","26.881495118141174"
"4","12","33.33333432674408","72.82517649874357","8.204173296689987","11.826436221599579","14.013142883777618"
"4","12","33.33333432674408","65.60054907343857","22.37612158060074","10.402190685272217","18.34869682788849"
"9","12","75.0","92.13062469666505","21.20799869298935","27.824819087982178","27.966657280921936"
"6","12","50.0","89.8062792251169","22.966550290584564","23.885513842105865","37.321969866752625"
"4","12","33.33333432674408","85.59017375674057","6.924310326576233","9.220540523529053","10.679131001234055"
"4","12","33.33333432674408","57.72666238542822","25.033140182495117","6.68940469622612","17.696069180965424"
"6","12","50.0","79.31818181818183","23.094941675662994","24.04058277606964","15.901324152946472"
"6","12","50.0","93.32739553180434","23.90255779027939","28.44235897064209","24.421148002147675"
"6","12","50.0","55.420219244823386","23.645956814289093","24.567393958568573","33.69283378124237"
"5","12","41.66666567325592","85.02518403719489","19.95556801557541","11.292055994272232","16.06922149658203"
"3","12","25.0","76.3591609589041","4.651643335819244","8.905519545078278","5.119992792606354"
"6","12","50.0","88.98184806155226","32.74962306022644","22.806501388549805","19.656367599964142"
"4","12","33.33333432674408","77.18708466890783","18.435439467430115","20.068027079105377","10.884030163288116"
"8","12","66.66666865348816","95.7705755782679","19.0188929438591","22.33297824859619","19.632887840270996"
"9","12","75.0","77.33015236132951","19.944491982460022","21.026819944381714","27.038738131523132"
"8","12","66.66666865348816","83.64650010324179","28.73644232749939","21.939870715141296","40.41106700897217"
"5","12","41.66666567325592","80.43863233891841","27.900153398513794","31.53705894947052","7.991396635770798"
"8","12","66.66666865348816","86.08008832646821","23.086073994636536","28.4868061542511","29.150983691215515"
"6","12","50.0","71.83054062598798","21.229049563407898","19.15787309408188","17.513754963874817"
"8","12","66.66666865348816","92.11017159910469","18.11378449201584","33.04474055767059","18.133223056793213"
"6","12","50.0","88.77821151343834","20.686639845371246","13.975659012794495","33.89390707015991"
"5","12","41.66666567325592","87.54484234375983","19.315120577812195","16.681846976280212","21.06473594903946"
"7","12","58.33333134651184","76.16934972746863","18.769587576389313","21.29661589860916","15.320155024528503"
"6","12","50.0","74.63558537714022","18.310856819152832","18.287888169288635","29.778894782066345"
"3","12","25.0","60.92161929371231","12.223401665687561","6.246044486761093","7.353600859642029"
"6","12","50.0","70.88798968384543","37.78148293495178","29.439085721969604","24.6152862906456"
"4","12","33.33333432674408","81.93853752229387","12.195608764886856","10.806283354759216","14.512737095355988"
"6","12","50.0","80.73285311619168","17.126207053661346","23.563678562641144","16.810506582260132"
"7","15","46.666666865348816","95.10265700483092","24.43011999130249","19.376711547374725","56.740790605545044"
"9","15","60.00000238418579","96.34347913727072","20.255865156650543","33.67369472980499","21.20491713285446"
"8","15","53.33333611488342","91.5913148649427","25.882211327552795","19.024164974689484","21.109944581985474"
"6","15","40.00000059604645","83.04820095044127","20.75372040271759","22.43693917989731","26.69292688369751"
"4","15","26.66666805744171","69.74842208196284","9.300204366445541","7.737123221158981","8.904479444026947"
"7","15","46.666666865348816","77.82266950708882","19.554685056209564","32.17935860157013","16.497451066970825"
"4","15","26.66666805744171","82.11951447245565","14.095501601696014","10.870586335659027","15.11789858341217"
"5","15","33.33333432674408","76.83860441767068","15.396222472190857","30.979087948799133","9.64665487408638"
"7","15","46.666666865348816","83.20610687022901","22.350098192691803","20.950323343276978","26.82538330554962"
"7","15","46.666666865348816","91.34873110921015","17.720261216163635","39.153555035591125","26.669898629188538"
"5","15","33.33333432674408","82.9477002758543","18.587256968021393","19.949083030223846","12.4141626060009"
"6","15","40.00000059604645","69.94120092653085","59.260493516922","17.83231347799301","24.94661659002304"
"7","15","46.666666865348816","91.93362272652344","12.40624487400055","40.47553241252899","33.44472646713257"
"3","15","20.000000298023224","81.97689345314507","19.123314321041107","11.766296625137329","9.795977175235748"
"9","15","60.00000238418579","87.19515434886563","33.978232741355896","26.345404982566833","17.523327469825745"
"3","15","20.000000298023224","21.20364392798221","4.320026934146881","9.992215037345886","15.046434104442596"
"8","15","53.33333611488342","89.95254237288137","37.07689940929413","41.895925998687744","28.522029519081116"
"8","15","53.33333611488342","75.90341519887538","27.414900064468384","49.94794428348541","13.75865638256073"
"5","15","33.33333432674408","73.31640928002257","14.56124633550644","9.26675871014595","15.96352905035019"
"8","15","53.33333611488342","79.87593889779728","32.185640931129456","22.448410093784332","35.875749588012695"
"6","15","40.00000059604645","72.69729768475378","16.07644408941269","21.424345672130585","26.49795711040497"
"8","15","53.33333611488342","94.90550036346013","44.964832067489624","37.644386291503906","21.69030010700226"
"6","15","40.00000059604645","94.6757384308008","22.116626799106598","19.373342394828796","23.68421107530594"
"5","15","33.33333432674408","50.94088356204042","32.16632008552551","76.34973526000977","21.18573784828186"
"3","15","20.000000298023224","55.79268292682927","16.443943977355957","5.2373625338077545","9.04046818614006"
"9","15","60.00000238418579","92.34042553191489","17.96448677778244","33.523908257484436","20.63704878091812"
"3","15","20.000000298023224","58.95748987854251","6.751818209886551","7.073907554149628","12.956786155700684"
"8","15","53.33333611488342","88.17740127071136","22.639022767543793","17.661434412002563","44.77507174015045"
"8","15","53.33333611488342","67.51446907358557","20.99585086107254","41.86801314353943","44.04301345348358"
"3","15","20.000000298023224","90.47496790757381","18.210791051387787","10.514632612466812","12.344290316104889"
"6","15","40.00000059604645","80.56537102473497","23.638208210468292","19.398243725299835","11.413460969924927"
"7","15","46.666666865348816","83.33724202626641","17.418524622917175","40.92124104499817","25.772133469581604"
"8","15","53.33333611488342","85.6129368805425","40.14480113983154","34.47173237800598","29.02657389640808"
"7","15","46.666666865348816","94.31689342403628","25.16510784626007","21.95276916027069","16.54660403728485"
"8","15","53.33333611488342","97.16880612917956","45.913296937942505","19.01662051677704","31.532901525497437"
"9","15","60.00000238418579","87.56890049318248","22.061264514923096","25.912708044052124","22.698482871055603"
"5","15","33.33333432674408","85.78872990637697","21.339677274227142","18.94706040620804","12.6448854804039"
"8","15","53.33333611488342","79.21424618944614","30.762752890586853","21.727249026298523","35.14930009841919"
"3","15","20.000000298023224","56.037246221950845","12.584277987480164","7.774362713098526","12.435504049062729"
"8","15","53.33333611488342","83.4275053304904","24.335475265979767","27.390849590301514","28.75054180622101"
"9","15","60.00000238418579","92.41570350558793","33.72014760971069","18.549662828445435","21.087343990802765"
"5","15","33.33333432674408","88.28487785180698","11.229492723941803","51.17810368537903","24.566952884197235"
"6","15","40.00000059604645","86.11220861319636","26.50195062160492","19.493243098258972","23.397070169448853"
"5","15","33.33333432674408","73.17525295435236","19.22086775302887","9.807448089122772","14.809976518154144"
"10","15","66.66666865348816","96.1274995050485","48.906099796295166","24.83094185590744","38.63992094993591"
"6","15","40.00000059604645","93.22695974576271","18.743132054805756","13.280177116394043","29.186001420021057"
"5","15","33.33333432674408","85.27427165198063","11.654575169086456","13.796241581439972","14.503520727157593"
"9","15","60.00000238418579","86.62191321026133","18.948577344417572","27.275285124778748","44.709399342536926"
"5","15","33.33333432674408","82.7938091728556","15.644349157810211","14.28571492433548","13.177305459976196"
"4","15","26.66666805744171","72.21919673247108","9.942686557769775","33.72829556465149","17.49456077814102"
"5","15","33.33333432674408","67.26284411713134","36.073970794677734","20.159271359443665","14.966852962970734"
"7","15","46.666666865348816","92.64281230382926","23.43650311231613","21.90593183040619","20.368044078350067"
"7","15","46.666666865348816","87.79101541152039","38.65337669849396","20.85518091917038","17.464518547058105"
"8","15","53.33333611488342","91.03160596823359","19.8741614818573","21.693766117095947","23.078493773937225"
"1","15","6.666667014360428","48.11027698679782","1.1530021205544472","1.3034363277256489","10.991408675909042"
"5","15","33.33333432674408","62.09242064348953","18.24277490377426","11.283908784389496","18.290232121944427"
"8","15","53.33333611488342","87.64944275582573","24.251267313957214","27.407699823379517","37.475594878196716"
"6","15","40.00000059604645","90.43855175930648","24.72853660583496","18.833020329475403","19.815485179424286"
"6","15","40.00000059604645","85.55287633482604","22.928661108016968","19.373594224452972","21.734462678432465"
"7","15","46.666666865348816","82.2356639738947","19.75892186164856","27.168378233909607","17.655465006828308"
"9","15","60.00000238418579","84.20631347240982","29.772478342056274","40.78274965286255","40.07086455821991"
"4","15","26.66666805744171","79.37352245862884","13.784071803092957","12.44707852602005","13.485100865364075"
"6","15","40.00000059604645","83.58035714285714","19.50071156024933","15.284961462020874","23.67381900548935"
"8","15","53.33333611488342","93.83635064316341","31.560024619102478","28.94931733608246","17.946432530879974"
"5","15","33.33333432674408","92.03030648285291","48.913004994392395","20.74788063764572","18.53625178337097"
"7","15","46.666666865348816","68.60938772952309","55.34953474998474","17.650441825389862","33.86765718460083"
"9","15","60.00000238418579","94.55813953488372","43.3407336473465","20.32020092010498","36.07337474822998"
"6","15","40.00000059604645","87.53318711762668","41.79331064224243","19.763201475143433","8.694801479578018"
"5","15","33.33333432674408","86.97936495850148","20.93823105096817","15.794217586517334","16.134151816368103"
"5","15","33.33333432674408","89.33675748101831","24.53451156616211","14.500683546066284","11.62344366312027"
"6","15","40.00000059604645","91.59264742166296","22.301189601421356","27.834880352020264","9.143310785293579"
"8","15","53.33333611488342","85.07102793940346","30.47938048839569","31.07791244983673","53.19124460220337"
"7","15","46.666666865348816","86.91805816653765","14.463426172733307","18.71791183948517","18.67942065000534"
"7","15","46.666666865348816","90.01088402467046","23.540185391902924","22.700822353363037","26.743069291114807"
"7","15","46.666666865348816","83.07212113162439","27.023330330848694","22.757045924663544","15.216965973377228"
"8","15","53.33333611488342","91.3684501972728","22.01438397169113","30.802103877067566","28.953394293785095"
"8","15","53.33333611488342","82.3788827815416","21.82825803756714","20.89027464389801","25.84482431411743"
"4","15","26.66666805744171","76.95460024106066","14.825257658958435","13.510245084762573","12.16922178864479"
"5","15","33.33333432674408","64.16065911431514","21.35927975177765","15.63524305820465","16.722384095191956"
"8","15","53.33333611488342","83.39410419627959","32.94001817703247","40.21615386009216","32.38575756549835"
"8","15","53.33333611488342","93.4322033898305","36.51708662509918","29.666221141815186","19.562450051307678"
"7","15","46.666666865348816","91.5915674283875","15.716893970966339","45.062774419784546","16.844426095485687"
"9","15","60.00000238418579","85.24706299073145","32.009050250053406","32.88702964782715","27.34883725643158"
"6","15","40.00000059604645","87.13167029950755","23.701991140842438","19.908544421195984","22.889676690101624"
"8","15","53.33333611488342","78.4786742732953","20.469176769256592","22.262372076511383","24.18055385351181"
"9","15","60.00000238418579","82.90970606893634","47.31956422328949","29.627639055252075","43.06580424308777"
"8","15","53.33333611488342","76.31330607109153","39.67648446559906","15.951548516750336","28.467583656311035"
"4","15","26.66666805744171","76.44039102179018","14.245900511741638","10.080273449420929","26.20616853237152"
"10","15","66.66666865348816","90.25171283884421","61.767005920410156","55.65602779388428","37.465062737464905"
"6","15","40.00000059604645","93.19087864774357","21.817438304424286","16.69820249080658","30.33006191253662"
"11","15","73.33333492279053","80.18418828135427","35.57137846946716","37.46655881404877","35.95586121082306"
"9","15","60.00000238418579","96.7034197123188","25.600987672805786","21.395239233970642","34.33597385883331"
"6","15","40.00000059604645","90.80907632363053","13.481096923351288","19.235683977603912","16.410256922245026"
"7","15","46.666666865348816","89.06890130353817","16.845735907554626","19.37451660633087","39.44884240627289"
"6","15","40.00000059604645","79.01923979352416","31.158414483070374","23.123620450496674","26.63043439388275"
"5","15","33.33333432674408","86.14115490375802","10.392098128795624","16.92451983690262","16.337299346923828"
"11","15","73.33333492279053","80.92318321171035","37.766456604003906","32.56900906562805","45.84462642669678"
"8","15","53.33333611488342","87.21026110856619","27.378380298614502","18.03334802389145","18.375878036022186"
"8","15","53.33333611488342","89.0380658436214","38.174283504486084","28.20870876312256","19.768786430358887"
"8","15","53.33333611488342","83.91497701062788","23.56841415166855","28.752464056015015","40.769797563552856"
"6","18","33.33333432674408","75.85414585414586","15.766291320323944","20.928485691547394","12.810726463794708"
"7","18","38.88888955116272","91.2471395881007","54.24844026565552","29.498928785324097","29.175475239753723"
"3","18","16.66666716337204","72.83804674002","12.57857084274292","7.611460983753204","22.579941153526306"
"6","18","33.33333432674408","89.74274133509802","19.177590310573578","9.22764465212822","35.1254940032959"
"10","18","55.55555820465088","94.49018366054464","23.05208295583725","31.448712944984436","63.257408142089844"
"5","18","27.77777910232544","94.93421052631578","20.62661349773407","12.84276396036148","50.90939402580261"
"8","18","44.44444477558136","86.59757902987025","27.612805366516113","31.732547283172607","36.235520243644714"
"9","18","50.0","86.56322396422607","25.976693630218506","34.178391098976135","23.79043847322464"
"9","18","50.0","94.84221691858923","45.57771980762482","26.476117968559265","29.777249693870544"
"6","18","33.33333432674408","85.64688804209763","19.03441697359085","18.99285465478897","23.250825703144073"
"4","18","22.22222238779068","78.80962897526503","12.280536442995071","9.356167167425156","20.282739400863647"
"9","18","50.0","85.89071478979736","20.71581929922104","47.70839810371399","35.839927196502686"
"6","18","33.33333432674408","89.77150633908747","18.402230739593506","31.8678617477417","20.732590556144714"
"9","18","50.0","95.09401241328952","24.080805480480194","26.09925866127014","48.311492800712585"
"5","18","27.77777910232544","81.53005464480874","14.747075736522675","12.218262255191803","14.91965800523758"
"9","18","50.0","91.35493841189037","37.47050762176514","34.75347459316254","30.84900975227356"
"6","18","33.33333432674408","93.99114878763324","29.425352811813354","15.326184034347534","40.52782952785492"
"6","18","33.33333432674408","69.04040404040404","32.52412974834442","19.2704901099205","26.28125548362732"
"5","18","27.77777910232544","87.50414044385558","22.379499673843384","6.052668020129204","15.574485063552856"
"6","18","33.33333432674408","83.63636363636363","12.404081970453262","31.851020455360413","12.329896539449692"
"4","18","22.22222238779068","83.04045396302398","20.303158462047577","12.322445213794708","11.83973252773285"
"7","18","38.88888955116272","86.95357370772176","26.483887434005737","36.84249818325043","17.695175111293793"
"8","18","44.44444477558136","88.39923358299949","25.112947821617126","19.40285861492157","20.361731946468353"
"8","18","44.44444477558136","84.27970837102869","33.8966965675354","25.222790241241455","16.787192225456238"
"5","18","27.77777910232544","70.77387772107072","13.906276226043701","21.01454585790634","11.789321899414062"
"9","18","50.0","87.11852377572747","33.183714747428894","39.361876249313354","31.584441661834717"
"5","18","27.77777910232544","66.91319579602958","26.903504133224487","30.19772171974182","8.11580941081047"
"8","18","44.44444477558136","89.41133808775534","30.485108494758606","20.139968395233154","46.52551710605621"
"10","18","55.55555820465088","88.75375449308189","26.920151710510254","38.530734181404114","38.55835199356079"
"8","18","44.44444477558136","71.1449336423004","23.24792891740799","26.647093892097473","31.896406412124634"
"13","18","72.22222089767456","93.20598584741504","40.81723690032959","27.525532245635986","39.293697476387024"
"5","18","27.77777910232544","88.74507028010922","18.828094005584717","12.236761301755905","14.985521137714386"
"7","18","38.88888955116272","86.72054103622192","22.675985097885132","12.542274594306946","17.5301656126976"
"7","18","38.88888955116272","82.60378669445892","23.483990132808685","19.946692883968353","28.132852911949158"
"10","18","55.55555820465088","97.21457185778668","38.982897996902466","34.862926602363586","44.72081959247589"
"6","18","33.33333432674408","80.3800381353146","16.181765496730804","14.36714380979538","11.46417185664177"
"9","18","50.0","93.52692451187663","27.80342996120453","25.001326203346252","18.42164695262909"
"5","18","27.77777910232544","88.51506456241033","17.832642793655396","25.861680507659912","15.10261595249176"
"10","18","55.55555820465088","97.42434512180536","48.0490505695343","18.824106454849243","25.750046968460083"
"6","18","33.33333432674408","92.01807228915662","24.45307970046997","29.301390051841736","33.92506539821625"
"6","18","33.33333432674408","83.67854920437372","22.579218447208405","25.24167001247406","24.613791704177856"
"9","18","50.0","96.59166283994082","36.732593178749084","40.266597270965576","61.232441663742065"
"5","18","27.77777910232544","92.64517049507775","15.28671383857727","33.95679295063019","12.706989049911499"
"7","18","38.88888955116272","95.44298147734881","21.101026237010956","11.538305878639221","17.361435294151306"
"8","18","44.44444477558136","94.86564560963645","27.8216153383255","39.98501002788544","16.05324000120163"
"4","18","22.22222238779068","80.77762094187091","15.277476608753204","16.351209580898285","11.60767674446106"
"4","18","22.22222238779068","77.58100057128866","16.000890731811523","19.51366513967514","37.540942430496216"
"5","18","27.77777910232544","90.7095918490384","11.356621980667114","12.986473739147186","10.156089812517166"
"5","18","27.77777910232544","83.14242270653827","20.630933344364166","23.01645129919052","15.518425405025482"
"6","18","33.33333432674408","87.93260014125718","19.721093773841858","21.754202246665955","25.15392005443573"
"4","18","22.22222238779068","79.97986802371099","25.137194991111755","10.94474345445633","8.853665739297867"
"5","18","27.77777910232544","84.97586906343987","8.008413761854172","18.774588406085968","16.136090457439423"
"9","18","50.0","91.29466198269213","23.078735172748566","17.534875869750977","36.953696608543396"
"7","18","38.88888955116272","89.54789470280059","12.258415669202805","32.10165500640869","32.38232135772705"
"7","18","38.88888955116272","94.07591528144582","26.582086086273193","44.06721889972687","35.06847321987152"
"7","18","38.88888955116272","91.60280450024459","22.634392976760864","21.771009266376495","24.513640999794006"
"9","18","50.0","86.82984670110952","33.560436964035034","28.223049640655518","33.19385349750519"
"9","18","50.0","91.66802543616501","38.136422634124756","28.39721143245697","35.00920534133911"
"9","18","50.0","85.67870485678705","42.763328552246094","17.58880913257599","23.40901643037796"
"6","18","33.33333432674408","80.82205414012739","22.61631339788437","22.96452522277832","30.29382824897766"
"10","18","55.55555820465088","90.88755867533698","25.368553400039673","43.88159215450287","73.43693375587463"
"9","18","50.0","89.69093549056213","27.68242359161377","23.46802055835724","27.447551488876343"
"10","18","55.55555820465088","89.07799753506661","36.24486327171326","27.445948123931885","29.254966974258423"
"9","18","50.0","95.29390792816079","29.235726594924927","32.71063566207886","27.06414759159088"
"6","18","33.33333432674408","85.81779810059797","18.344630300998688","14.136974513530731","43.82042586803436"
"7","18","38.88888955116272","80.41391721655668","29.267412424087524","24.85261559486389","18.79241168498993"
"7","18","38.88888955116272","77.1327386022325","41.73193871974945","24.824969470500946","18.603865802288055"
"4","18","22.22222238779068","78.68544600938966","17.981158196926117","7.662152498960495","14.612874388694763"
"10","18","55.55555820465088","88.54592385459239","54.03028726577759","36.03146970272064","40.17195105552673"
"6","18","33.33333432674408","95.46155540868033","14.80262577533722","22.973249852657318","23.415935039520264"
"7","18","38.88888955116272","87.06201242893032","29.406452178955078","29.757902026176453","26.207804679870605"
"6","18","33.33333432674408","95.70743543821133","17.278990149497986","27.880260348320007","42.42795705795288"
"11","18","61.11111044883728","95.59017282802449","40.35484790802002","35.450294613838196","60.35953164100647"
"9","18","50.0","85.35242804496897","51.268887519836426","43.855246901512146","20.635594427585602"
"9","18","50.0","89.28442075852433","23.797637224197388","33.63342583179474","46.48545980453491"
"7","18","38.88888955116272","94.96756643649299","26.093074679374695","22.661229968070984","35.077229142189026"
"5","18","27.77777910232544","82.80527188618312","25.332140922546387","5.710441246628761","13.176482915878296"
"7","18","38.88888955116272","87.40487328073728","15.5117928981781","19.928941130638123","46.47861421108246"
"8","18","44.44444477558136","73.01835954633748","18.97239238023758","38.67002725601196","36.57044768333435"
"5","18","27.77777910232544","74.94592377116432","28.77872884273529","10.032610595226288","20.92127948999405"
"4","18","22.22222238779068","60.96898905980094","31.376272439956665","12.866027653217316","39.825308322906494"
"6","18","33.33333432674408","81.17329261847436","15.401901304721832","22.169850766658783","26.05448067188263"
"10","18","55.55555820465088","92.81227239621266","53.28105092048645","24.47754144668579","26.485514640808105"
"3","18","16.66666716337204","60.84781463928384","14.407430589199066","7.663775235414505","16.326189041137695"
"5","18","27.77777910232544","67.39914356547216","11.996636539697647","20.262223482131958","14.955145120620728"
"7","18","38.88888955116272","88.54891052387576","33.715155720710754","33.215734362602234","37.32834756374359"
"6","18","33.33333432674408","93.0374411108356","31.010964512825012","23.65446835756302","21.71657830476761"
"9","18","50.0","88.85650340915005","33.438387513160706","22.934643924236298","27.860748767852783"
"9","18","50.0","81.51334088801896","38.5152667760849","26.57630741596222","28.126025199890137"
"5","18","27.77777910232544","93.95253733192887","43.424466252326965","13.125373423099518","16.77839308977127"
"10","18","55.55555820465088","92.91744645456436","26.056143641471863","31.81246817111969","20.257259905338287"
"10","18","55.55555820465088","88.84681955863263","38.104233145713806","24.030104279518127","38.110727071762085"
"12","18","66.66666865348816","90.68386413495726","78.10249924659729","43.88282001018524","31.727364659309387"
"8","18","44.44444477558136","89.4477958236659","35.66576540470123","23.44314008951187","17.35224276781082"
"4","18","22.22222238779068","73.74695659474435","19.913141429424286","15.975193679332733","14.98403251171112"
"6","18","33.33333432674408","77.40074186014563","24.839994311332703","18.584835529327393","30.97381591796875"
"9","18","50.0","86.85798664612224","28.37710678577423","33.27765762805939","27.800166606903076"
"8","18","44.44444477558136","79.46515925644093","49.46307837963104","36.60580515861511","39.36801552772522"
"6","18","33.33333432674408","91.33733111769381","23.311536014080048","24.531015753746033","17.48548150062561"
"5","18","27.77777910232544","46.880944062730485","17.37505942583084","11.375849694013596","25.033792853355408"
"5","21","23.80952388048172","86.97021506343921","27.366870641708374","16.64898693561554","13.384038209915161"
"9","21","42.85714328289032","91.44233744419397","23.289933800697327","27.62719690799713","42.19953417778015"
"6","21","28.57142984867096","91.63808828894564","31.81045949459076","7.589354366064072","39.59784507751465"
"6","21","28.57142984867096","92.46013211449923","16.64428561925888","9.60819348692894","36.0075443983078"
"7","21","33.33333432674408","85.9123576925523","28.453269600868225","23.865768313407898","17.60464608669281"
"6","21","28.57142984867096","97.47235387045814","15.453454852104187","38.67410123348236","29.232409596443176"
"8","21","38.0952388048172","85.48630163452992","87.23737597465515","31.875893473625183","42.769330739974976"
"6","21","28.57142984867096","94.8201942427159","18.31486225128174","23.6452117562294","13.52965235710144"
"7","21","33.33333432674408","72.19350961538461","30.285334587097168","19.726097583770752","19.331005215644836"
"8","21","38.0952388048172","89.58504631913611","36.20662987232208","23.65509122610092","45.212286710739136"
"7","21","33.33333432674408","68.33578792341679","14.745984971523285","20.925530791282654","35.904958844184875"
"9","21","42.85714328289032","95.3518201807965","30.40218949317932","44.210025668144226","22.34930247068405"
"8","21","38.0952388048172","97.07998964535335","19.454747438430786","30.167356133461","29.940584301948547"
"7","21","33.33333432674408","90.03515500159796","27.54301130771637","32.58139789104462","19.37306821346283"
"9","21","42.85714328289032","97.00072338768015","28.069967031478882","25.470733642578125","21.90956175327301"
"9","21","42.85714328289032","90.68767908309455","22.015178203582764","30.43976128101349","17.21576154232025"
"3","21","14.28571492433548","87.97911801071577","14.487935602664948","9.251634776592255","11.269223690032959"
"8","21","38.0952388048172","95.51282051282051","28.286457061767578","28.276443481445312","66.85412526130676"
"10","21","47.61904776096344","92.06072320965536","35.1766437292099","34.684064984321594","38.921770453453064"
"6","21","28.57142984867096","93.55598949565686","38.92420530319214","31.68836534023285","14.017614722251892"
"6","21","28.57142984867096","84.39816448994","39.801737666130066","18.238461017608643","26.26156508922577"
"7","21","33.33333432674408","82.70851496657949","34.141501784324646","17.139439284801483","15.286469459533691"
"10","21","47.61904776096344","93.98063145768081","34.97453033924103","29.39586639404297","32.22602307796478"
"7","21","33.33333432674408","90.56842568645793","41.32601320743561","37.8549188375473","42.932820320129395"
"9","21","42.85714328289032","97.24489795918367","39.32623565196991","18.505483865737915","26.20387375354767"
"10","21","47.61904776096344","92.49929466768772","27.874547243118286","38.695186376571655","30.506783723831177"
"9","21","42.85714328289032","97.33009708737865","77.82669067382812","32.56087303161621","22.844716906547546"
"6","21","28.57142984867096","86.13553256049171","19.72537785768509","21.938444674015045","11.113564670085907"
"7","21","33.33333432674408","93.20902745937134","37.48254477977753","40.12885391712189","31.093621253967285"
"6","21","28.57142984867096","49.91996158155915","18.685555458068848","56.82094097137451","23.43517690896988"
"7","21","33.33333432674408","68.06368699128946","34.459444880485535","47.17670679092407","25.7101833820343"
"5","21","23.80952388048172","93.19497388112381","13.796687126159668","25.69093406200409","15.92884212732315"
"4","21","19.0476194024086","86.07797008906066","15.104833245277405","23.245109617710114","11.276104301214218"
"5","21","23.80952388048172","98.09094809094809","18.49161982536316","24.249939620494843","26.751384139060974"
"6","21","28.57142984867096","90.56915689207274","20.916573703289032","15.651987493038177","13.216648995876312"
"5","21","23.80952388048172","85.34704370179949","23.025865852832794","23.44139665365219","13.374972343444824"
"7","21","33.33333432674408","92.41428864709505","19.85275000333786","45.810601115226746","23.432952165603638"
"7","21","33.33333432674408","80.42897148676171","27.81345248222351","19.140198826789856","21.70906364917755"
"10","21","47.61904776096344","75.90431512425852","29.524967074394226","60.645902156829834","27.71531641483307"
"6","21","28.57142984867096","87.90421927933477","19.251297414302826","23.427191376686096","22.9118674993515"
"5","21","23.80952388048172","87.28798741038644","50.23302435874939","30.427569150924683","12.201257795095444"
"7","21","33.33333432674408","90.81015719467956","24.736493825912476","31.61708116531372","21.09285444021225"
"8","21","38.0952388048172","73.55549059729124","24.081331491470337","16.729271411895752","24.37731623649597"
"6","21","28.57142984867096","78.88107791446983","41.26370549201965","9.620274603366852","11.985573917627335"
"4","21","19.0476194024086","61.04727820681861","16.163814067840576","6.584480404853821","11.931077390909195"
"6","21","28.57142984867096","91.24913733609385","20.049026608467102","34.146785736083984","16.365477442741394"
"5","21","23.80952388048172","90.22715652618508","32.84452557563782","22.69267588853836","10.484197735786438"
"8","21","38.0952388048172","88.22879370552093","36.952781677246094","19.523322582244873","46.2968111038208"
"10","21","47.61904776096344","70.78831910175968","56.10722303390503","31.583401560783386","23.222222924232483"
"8","21","38.0952388048172","93.22063136104882","18.82961243391037","67.61149168014526","35.854849219322205"
"6","21","28.57142984867096","90.51070840197694","31.934699416160583","18.437694013118744","27.106410264968872"
"4","21","19.0476194024086","71.77090190915075","19.112510979175568","15.26421457529068","12.650206685066223"
"10","21","47.61904776096344","92.91093727224138","33.95945131778717","35.2327436208725","35.30440926551819"
"6","21","28.57142984867096","91.41397162643716","10.298941284418106","16.133905947208405","30.420905351638794"
"8","21","38.0952388048172","92.38100337313273","40.246957540512085","30.50750494003296","21.428214013576508"
"6","21","28.57142984867096","84.32855111800438","26.029324531555176","26.649323105812073","24.129799008369446"
"6","21","28.57142984867096","77.68376028639175","20.843474566936493","18.298082053661346","46.62604033946991"
"7","21","33.33333432674408","97.28889149697788","15.59268832206726","24.108150601387024","18.943792581558228"
"8","21","38.0952388048172","92.7544476623914","25.340741872787476","23.54532480239868","47.66892492771149"
"7","21","33.33333432674408","79.703293120313","33.00320506095886","20.85137516260147","28.8945734500885"
"9","21","42.85714328289032","91.96819730650657","29.084640741348267","25.02247989177704","29.58097755908966"
"5","21","23.80952388048172","85.97739640016744","22.32712060213089","36.4472359418869","16.831490397453308"
"9","21","42.85714328289032","89.40992167101828","39.48831856250763","42.82883405685425","25.751930475234985"
"6","21","28.57142984867096","82.79973864750082","18.927033245563507","33.030638098716736","27.90471613407135"
"6","21","28.57142984867096","93.70000898714838","27.44566798210144","23.369264602661133","18.69262456893921"
"8","21","38.0952388048172","86.50219638816169","34.80411767959595","30.769774317741394","39.06957507133484"
"6","21","28.57142984867096","80.80311411595984","22.036539018154144","19.068974256515503","15.130485594272614"
"8","21","38.0952388048172","97.0039122468182","32.306066155433655","33.36155712604523","20.862936973571777"
"11","21","52.3809552192688","88.84919737734569","27.011868357658386","20.97763568162918","50.39634108543396"
"9","21","42.85714328289032","82.59131842557927","37.378859519958496","24.36104267835617","22.818756103515625"
"5","21","23.80952388048172","70.8988388206623","11.803099513053894","22.64690399169922","20.40632665157318"
"6","21","28.57142984867096","94.22793032181872","29.074004292488098","16.190579533576965","15.980452299118042"
"2","21","9.5238097012043","70.46617789459123","13.540986180305481","4.479106888175011","10.956156998872757"
"10","21","47.61904776096344","82.78324856617249","48.6825168132782","27.329936623573303","31.359386444091797"
"6","21","28.57142984867096","80.88505747126436","18.12649369239807","14.487847685813904","15.203465521335602"
"9","21","42.85714328289032","79.14900736114208","49.34991002082825","42.2276496887207","30.29516637325287"
"9","21","42.85714328289032","85.07178688808165","22.148847579956055","26.991793513298035","40.08810520172119"
"6","21","28.57142984867096","93.30139372822299","19.213393330574036","19.775575399398804","19.09155398607254"
"8","21","38.0952388048172","91.17813117530818","25.61790645122528","29.753094911575317","32.61083662509918"
"7","21","33.33333432674408","93.68207211782631","41.556647419929504","25.97564458847046","30.444476008415222"
"9","21","42.85714328289032","91.24502973041987","24.617739021778107","20.548826456069946","47.854551672935486"
"8","21","38.0952388048172","90.01124326883247","64.28341865539551","27.545413374900818","25.814029574394226"
"9","21","42.85714328289032","86.27341347497904","23.281657695770264","36.902543902397156","19.186094403266907"
"3","21","14.28571492433548","53.27581895473868","16.19887948036194","9.099089354276657","8.713895082473755"
"8","21","38.0952388048172","84.81555619102087","28.43467891216278","26.774215698242188","41.67064130306244"
"9","21","42.85714328289032","92.84740863101383","24.238328635692596","37.82275319099426","17.772692441940308"
"6","21","28.57142984867096","97.49887589928058","47.866517305374146","30.584943294525146","25.757479667663574"
"5","21","23.80952388048172","80.6727322856355","17.449666559696198","43.68956685066223","11.547203361988068"
"3","21","14.28571492433548","82.47268545140885","10.029833018779755","23.94353896379471","10.310214757919312"
"9","21","42.85714328289032","84.55598455598455","32.60165750980377","22.385238111019135","23.68900328874588"
"4","21","19.0476194024086","50.17616580310881","6.143641099333763","15.36458283662796","15.65331369638443"
"6","21","28.57142984867096","94.89292758523527","61.2373948097229","11.928023397922516","35.71571111679077"
"8","21","38.0952388048172","94.48823207443897","24.997930228710175","29.25991117954254","26.47104263305664"
"6","21","28.57142984867096","83.95051546391753","48.31722676753998","15.589180588722229","17.430777847766876"
"9","21","42.85714328289032","88.06943892891587","37.86427080631256","20.17204463481903","15.873757004737854"
"7","21","33.33333432674408","98.11369013364026","34.52729284763336","22.84417599439621","16.799694299697876"
"7","21","33.33333432674408","95.06198347107438","24.231037497520447","24.760355055332184","17.727233469486237"
"9","21","42.85714328289032","92.57787758392352","52.103596925735474","34.56152081489563","30.812472105026245"
"10","21","47.61904776096344","87.50977835723597","29.985859990119934","26.672887802124023","30.422276258468628"
"8","21","38.0952388048172","90.53788023115514","62.332189083099365","26.47581398487091","36.06824278831482"
